,0,1
Study Break,75,spotify:playlist:37i9dQZF1DX1dvMSwf27JO
study music,1949,spotify:playlist:1KNVcZPWeD9AsEXJgF75hF
lofi hip hop music - beats to relax/study to,259,spotify:playlist:0vvXsWCC9xrXsKd4FyS8kM
Deep Focus,184,spotify:playlist:37i9dQZF1DWZeKCadgRdKQ
Study Music 2020,51,spotify:playlist:6N05aHELD8g8v4k3uja6ag
Study Zone,80,spotify:playlist:37i9dQZF1DWSSrwtip3vZP
study/focus ,21,spotify:playlist:3RaWH9wl7oQGLDryX3y0SC
Study Beats I Lofi Hip Hop,182,spotify:playlist:5OJs7eATLrvZ2Ea9als3lK
Study Vibes,67,spotify:playlist:1lCxPgDJMLU0rItXniVaEh
StudyBoost FREE 2.2,27,spotify:playlist:6UYuVvZXOp3NlPmyCBosuv
Instrumental Study,334,spotify:playlist:37i9dQZF1DX9sIqqvKsjG8
Study & Chill Mood,53,spotify:playlist:0hxgiHzaPJkQI7UqRa9H2L
Study Session No. 1,60,spotify:playlist:0rwA2mKSemhPixSgwXD8F2
All-Nighter,72,spotify:playlist:37i9dQZF1DX692WcMwL2yW
lofi - beats to chill/study/relax to,129,spotify:playlist:6sDcBMUlKhTyglNNH752eM
Study Jazz,131,spotify:playlist:68q8lH6V6LWP0ESHMmhiMz
Chill Beats Music üíó groove / relax / study,166,spotify:playlist:2rN3mSrzUcgjlj1TcEDTX7
"STUDY MUSIC: THE BEST MUSIC FOR STUDYING, DEEP CONCENTRATION & CREATIVE FOCUS",267,spotify:playlist:2kt6VK0QWc57NMjM0Xr9rl
lofi hip hop music to study and relax to | jazz beats to sleep | Lofi Fruits üçâ,179,spotify:playlist:3LFIBdP7eZXJKqf3guepZ1
lofi hip hop beats to sleep/relax/study/chillhop,173,spotify:playlist:6RiLErIcSS9owlaLIeIzw1
Intense Studying,281,spotify:playlist:37i9dQZF1DX8NTLI2TtZa6
Jazz for Study,140,spotify:playlist:37i9dQZF1DX3SiCzCxMDOH
Chill Lofi Study Beats,185,spotify:playlist:37i9dQZF1DX8Uebhn9wzrS
Pop Study,60,spotify:playlist:37i9dQZF1DWSoyxGghlqv5
Chillhop Radio üêæ jazzy/lofi hip hop beats to study/relax to | Study Music | Chillhop Music 2020 ,235,spotify:playlist:0CFuMybe6s77w6QQrJjW7d
Classical Study Music,87,spotify:playlist:3sw0t0icwozVoQP5J2Z8cX
üìù Study Playlist,193,spotify:playlist:05xyO7biBhcZ9OIXPBRiST
Mozart Study,60,spotify:playlist:37i9dQZF1DWXUpC6mczRpA
Piano Study,60,spotify:playlist:37i9dQZF1DX47ov4h4oSjW
Classical Music For Studying,59,spotify:playlist:6wObnEPQ63a4kei1sEcMdH
